order_id,date,category,region,owner,qty,unit_price
SO-2026-014,2026-03-08,Hardware,West,Priya Nair,16,395
SO-2026-002,2026-01-15,Software,East,Maria Silva,3,1150
SO-2026-023,2026-05-07,Software,North,Chen Wei,7,1180
SO-2026-031,2026-06-09,Software,West,Priya Nair,3,1150
SO-2026-008,2026-02-14,Services,East,Maria Silva,16,270
SO-2026-019,2026-04-10,Hardware,North,Chen Wei,11,405
SO-2026-001,2026-01-06,Services,North,Chen Wei,10,260
SO-2026-027,2026-05-22,Software,East,Maria Silva,4,1200
SO-2026-036,2026-06-29,Hardware,South,Tom Baker,5,445
SO-2026-011,2026-03-02,Software,South,Tom Baker,2,1150
SO-2026-005,2026-01-29,Hardware,East,Maria Silva,8,405
SO-2026-030,2026-06-05,Hardware,North,Chen Wei,18,420
SO-2026-016,2026-03-21,Services,East,Maria Silva,11,295
SO-2026-004,2026-01-22,Services,South,Tom Baker,12,240
SO-2026-022,2026-05-04,Hardware,South,Tom Baker,13,420
SO-2026-034,2026-06-19,Hardware,East,Maria Silva,12,430
SO-2026-007,2026-02-10,Hardware,West,Priya Nair,12,395
SO-2026-013,2026-03-07,Hardware,East,Maria Silva,10,420
SO-2026-026,2026-05-19,Services,North,Chen Wei,6,295
SO-2026-003,2026-01-18,Hardware,North,Chen Wei,14,420
SO-2026-018,2026-04-04,Services,West,Priya Nair,8,240
SO-2026-029,2026-06-02,Services,South,Tom Baker,17,270
SO-2026-010,2026-02-25,Services,South,Tom Baker,9,280
SO-2026-024,2026-05-11,Services,East,Maria Silva,15,260
SO-2026-033,2026-06-16,Software,North,Chen Wei,6,1200
SO-2026-006,2026-02-03,Software,North,Chen Wei,4,1180
SO-2026-015,2026-03-16,Software,North,Chen Wei,5,1200
SO-2026-021,2026-04-24,Services,North,Chen Wei,13,270
SO-2026-028,2026-05-28,Hardware,North,Chen Wei,10,445
SO-2026-012,2026-03-05,Services,North,Chen Wei,18,260
SO-2026-032,2026-06-12,Services,East,Maria Silva,14,280
SO-2026-017,2026-03-27,Hardware,South,Tom Baker,7,445
SO-2026-025,2026-05-15,Hardware,West,Priya Nair,9,430
SO-2026-009,2026-02-19,Hardware,North,Chen Wei,15,430
SO-2026-035,2026-06-24,Services,West,Priya Nair,10,240
SO-2026-020,2026-04-17,Software,East,Maria Silva,6,1150
